analysis,model_order,term,estimate,std.error,statistic,df,p.value,conf.low,conf.high
early_vs_later_drop,2-gram,(Intercept),0.13453703271510947,0.004287887608692553,31.376063225717807,176,5.390073430634054e-74,0.12607473906873584,0.1429993263614831
early_vs_later_drop,2-gram,uncertainty_z,0.02030300812927864,0.0021857747063973123,9.288701195899064,176,5.87400961149858e-17,0.015989306582425335,0.024616709676131946
early_vs_later_drop,2-gram,dependencynonadjacent,0.11563183822005622,0.004875177718784852,23.71848676910956,176,1.0561807816674604e-56,0.10601050734585574,0.1252531690942567
early_vs_later_drop,2-gram,uncertainty_z:dependencynonadjacent,-0.023556659164424162,0.003591391528394098,-6.559201072392571,176,5.814197510274374e-10,-0.03064439384542629,-0.016468924483422034
early_vs_later_drop,3-gram,(Intercept),0.3707038897269942,0.005799024030560864,63.92522048078853,176,9.613025935719221e-124,0.35925931638754827,0.3821484630664401
early_vs_later_drop,3-gram,uncertainty_z,0.042952315512227904,0.0037249094884508884,11.531103143687625,176,2.8275564114749306e-23,0.03560107854567733,0.05030355247877848
early_vs_later_drop,3-gram,dependencynonadjacent,0.27182698097684094,0.008492787858538308,32.006802183756065,176,2.728205670508119e-75,0.25506617209052274,0.28858778986315914
early_vs_later_drop,3-gram,uncertainty_z:dependencynonadjacent,-0.03960726231997864,0.0082890087044807,-4.7782869739982985,176,3.713038060294909e-6,-0.055965906038266504,-0.023248618601690772
