regularity_label,dependency,n_sentences,n_corpora,observed_regular_rate,n_regular,n_irregular,n_unique_sentences,duplicate_rate
high_100,adjacent,90000,30,1,90000,0,64,0.9992888888888889
high_100,nonadjacent,90000,30,1,90000,0,256,0.9971555555555556
mid_80,adjacent,90000,30,0.8002,72018,17982,128,0.9985777777777778
mid_80,nonadjacent,90000,30,0.8007666666666666,72069,17931,512,0.9943111111111111
low_60,adjacent,90000,30,0.5986111111111111,53875,36125,128,0.9985777777777778
low_60,nonadjacent,90000,30,0.602,54180,35820,512,0.9943111111111111
